"country","date","iso3c","unemployment_rate"
"Afghanistan",2015,"AFG",8.989
"Afghanistan",2016,"AFG",10.086
"Afghanistan",2017,"AFG",11.18
"Afghanistan",2018,"AFG",11.11
"Afghanistan",2019,"AFG",11.085
"Afghanistan",2020,"AFG",11.71
"Angola",2015,"AGO",9.584
"Angola",2016,"AGO",9.586
"Angola",2017,"AGO",9.535
"Angola",2018,"AGO",9.522
"Angola",2019,"AGO",9.481
"Angola",2020,"AGO",10.35
"Angola",2021,"AGO",10.384
"Angola",2022,"AGO",10.209
"Albania",2015,"ALB",17.19
"Albania",2016,"ALB",15.42
"Albania",2017,"ALB",13.62
"Albania",2018,"ALB",12.3
"Albania",2019,"ALB",11.47
"Albania",2020,"ALB",13.067
"Albania",2021,"ALB",12.683
"Albania",2022,"ALB",11.808
"United Arab Emirates",2015,"ARE",1.763
"United Arab Emirates",2016,"ARE",1.64
"United Arab Emirates",2017,"ARE",2.46
"United Arab Emirates",2018,"ARE",2.24
"United Arab Emirates",2019,"ARE",2.33
"United Arab Emirates",2020,"ARE",4.29
"United Arab Emirates",2021,"ARE",3.11
"United Arab Emirates",2022,"ARE",2.754
"Argentina",2015,"ARG",7.524
"Argentina",2016,"ARG",8.109
"Argentina",2017,"ARG",8.35
"Argentina",2018,"ARG",9.22
"Argentina",2019,"ARG",9.84
"Argentina",2020,"ARG",11.46
"Argentina",2021,"ARG",8.74
"Argentina",2022,"ARG",6.491
"Armenia",2015,"ARM",12.177
"Armenia",2016,"ARM",12.426
"Armenia",2017,"ARM",12.944
"Armenia",2018,"ARM",13.21
"Armenia",2019,"ARM",12.2
"Armenia",2020,"ARM",12.18
"Armenia",2021,"ARM",12.729
"Armenia",2022,"ARM",12.557
"Australia",2015,"AUS",6.05
"Australia",2016,"AUS",5.71
"Australia",2017,"AUS",5.59
"Australia",2018,"AUS",5.3
"Australia",2019,"AUS",5.16
"Australia",2020,"AUS",6.46
"Australia",2021,"AUS",5.12
"Australia",2022,"AUS",3.661
"Austria",2015,"AUT",5.72
"Austria",2016,"AUT",6.01
"Austria",2017,"AUT",5.5
"Austria",2018,"AUT",4.85
"Austria",2019,"AUT",4.49
"Austria",2020,"AUT",5.36
"Austria",2021,"AUT",6.18
"Austria",2022,"AUT",4.707
"Azerbaijan",2015,"AZE",4.96
"Azerbaijan",2016,"AZE",5
"Azerbaijan",2017,"AZE",4.96
"Azerbaijan",2018,"AZE",4.94
"Azerbaijan",2019,"AZE",4.85
"Azerbaijan",2020,"AZE",7.16
"Azerbaijan",2021,"AZE",5.95
"Azerbaijan",2022,"AZE",5.462
"Burundi",2015,"BDI",1.477
"Burundi",2016,"BDI",1.315
"Burundi",2017,"BDI",1.166
"Burundi",2018,"BDI",1.017
"Burundi",2019,"BDI",0.871
"Burundi",2020,"BDI",1.03
"Burundi",2021,"BDI",1.132
"Burundi",2022,"BDI",1.02
"Belgium",2015,"BEL",8.48
"Belgium",2016,"BEL",7.83
"Belgium",2017,"BEL",7.09
"Belgium",2018,"BEL",5.95
"Belgium",2019,"BEL",5.36
"Belgium",2020,"BEL",5.55
"Belgium",2021,"BEL",6.26
"Belgium",2022,"BEL",5.631
"Benin",2015,"BEN",2.023
"Benin",2016,"BEN",1.836
"Benin",2017,"BEN",1.643
"Benin",2018,"BEN",1.47
"Benin",2019,"BEN",1.466
"Benin",2020,"BEN",1.671
"Benin",2021,"BEN",1.752
"Benin",2022,"BEN",1.654
"Burkina Faso",2015,"BFA",4.344
"Burkina Faso",2016,"BFA",4.44
"Burkina Faso",2017,"BFA",4.566
"Burkina Faso",2018,"BFA",4.69
"Burkina Faso",2019,"BFA",4.693
"Burkina Faso",2020,"BFA",5.055
"Burkina Faso",2021,"BFA",5.232
"Burkina Faso",2022,"BFA",5.175
"Bangladesh",2015,"BGD",4.371
"Bangladesh",2016,"BGD",4.35
"Bangladesh",2017,"BGD",4.37
"Bangladesh",2018,"BGD",4.38
"Bangladesh",2019,"BGD",4.382
"Bangladesh",2020,"BGD",5.209
"Bangladesh",2021,"BGD",5.097
"Bangladesh",2022,"BGD",4.699
"Bulgaria",2015,"BGR",9.14
"Bulgaria",2016,"BGR",7.57
"Bulgaria",2017,"BGR",6.16
"Bulgaria",2018,"BGR",5.21
"Bulgaria",2019,"BGR",4.23
"Bulgaria",2020,"BGR",5.12
"Bulgaria",2021,"BGR",5.27
"Bulgaria",2022,"BGR",4.402
"Bahrain",2015,"BHR",1.197
"Bahrain",2016,"BHR",1.181
"Bahrain",2017,"BHR",1.169
"Bahrain",2018,"BHR",1.185
"Bahrain",2019,"BHR",1.181
"Bahrain",2020,"BHR",1.674
"Bahrain",2021,"BHR",1.532
"Bahrain",2022,"BHR",1.399
"Bahamas, The",2015,"BHS",12
"Bahamas, The",2016,"BHS",12.7
"Bahamas, The",2017,"BHS",9.8
"Bahamas, The",2018,"BHS",10
"Bahamas, The",2019,"BHS",10.051
"Bahamas, The",2020,"BHS",12.867
"Bahamas, The",2021,"BHS",11.665
"Bahamas, The",2022,"BHS",10.056
"Bosnia and Herzegovina",2015,"BIH",27.69
"Bosnia and Herzegovina",2016,"BIH",25.41
"Bosnia and Herzegovina",2017,"BIH",20.53
"Bosnia and Herzegovina",2018,"BIH",18.4
"Bosnia and Herzegovina",2019,"BIH",15.69
"Bosnia and Herzegovina",2020,"BIH",15.265
"Bosnia and Herzegovina",2021,"BIH",14.9
"Bosnia and Herzegovina",2022,"BIH",14.053
"Belarus",2015,"BLR",5.838
"Belarus",2016,"BLR",5.84
"Belarus",2017,"BLR",5.65
"Belarus",2018,"BLR",4.76
"Belarus",2019,"BLR",4.16
"Belarus",2020,"BLR",4.05
"Belarus",2021,"BLR",3.9
"Belarus",2022,"BLR",4.17
"Belize",2015,"BLZ",7.58
"Belize",2016,"BLZ",7
"Belize",2017,"BLZ",6.6
"Belize",2018,"BLZ",7.814
"Belize",2019,"BLZ",9.05
"Belize",2020,"BLZ",10.788
"Belize",2021,"BLZ",10.29
"Belize",2022,"BLZ",9.687
"Bolivia",2015,"BOL",3.11
"Bolivia",2016,"BOL",3.5
"Bolivia",2017,"BOL",3.65
"Bolivia",2018,"BOL",3.52
"Bolivia",2019,"BOL",3.68
"Bolivia",2020,"BOL",7.9
"Bolivia",2021,"BOL",5.09
"Bolivia",2022,"BOL",4.419
"Brazil",2015,"BRA",8.56
"Brazil",2016,"BRA",11.74
"Brazil",2017,"BRA",12.93
"Brazil",2018,"BRA",12.46
"Brazil",2019,"BRA",12.05
"Brazil",2020,"BRA",13.93
"Brazil",2021,"BRA",13.34
"Brazil",2022,"BRA",9.461
"Barbados",2015,"BRB",9.8
"Barbados",2016,"BRB",8.25
"Barbados",2017,"BRB",8.62
"Barbados",2018,"BRB",8.32
"Barbados",2019,"BRB",8.41
"Barbados",2020,"BRB",10.105
"Barbados",2021,"BRB",9.582
"Barbados",2022,"BRB",8.203
"Brunei Darussalam",2015,"BRN",7.693
"Brunei Darussalam",2016,"BRN",8.432
"Brunei Darussalam",2017,"BRN",9.32
"Brunei Darussalam",2018,"BRN",8.7
"Brunei Darussalam",2019,"BRN",6.92
"Brunei Darussalam",2020,"BRN",7.41
"Brunei Darussalam",2021,"BRN",7.446
"Brunei Darussalam",2022,"BRN",7.203
"Bhutan",2015,"BTN",2.45
"Bhutan",2016,"BTN",2.774
"Bhutan",2017,"BTN",3.056
"Bhutan",2018,"BTN",3.35
"Bhutan",2019,"BTN",2.72
"Bhutan",2020,"BTN",5.03
"Bhutan",2021,"BTN",3.908
"Bhutan",2022,"BTN",3.604
"Botswana",2015,"BWA",19.299
"Botswana",2016,"BWA",19.315
"Botswana",2017,"BWA",19.603
"Botswana",2018,"BWA",19.838
"Botswana",2019,"BWA",20.09
"Botswana",2020,"BWA",21.02
"Botswana",2021,"BWA",21.155
"Botswana",2022,"BWA",20.684
"Central African Republic",2015,"CAF",5.737
"Central African Republic",2016,"CAF",5.746
"Central African Republic",2017,"CAF",5.762
"Central African Republic",2018,"CAF",5.7
"Central African Republic",2019,"CAF",5.755
"Central African Republic",2020,"CAF",6.38
"Central African Republic",2021,"CAF",6.458
"Central African Republic",2022,"CAF",6.363
"Canada",2015,"CAN",6.91
"Canada",2016,"CAN",7
"Canada",2017,"CAN",6.34
"Canada",2018,"CAN",5.83
"Canada",2019,"CAN",5.66
"Canada",2020,"CAN",9.46
"Canada",2021,"CAN",7.46
"Canada",2022,"CAN",5.209
"Switzerland",2015,"CHE",4.8
"Switzerland",2016,"CHE",4.92
"Switzerland",2017,"CHE",4.8
"Switzerland",2018,"CHE",4.71
"Switzerland",2019,"CHE",4.39
"Switzerland",2020,"CHE",4.82
"Switzerland",2021,"CHE",5.1
"Switzerland",2022,"CHE",4.202
"Chile",2015,"CHL",6.49
"Chile",2016,"CHL",6.73
"Chile",2017,"CHL",6.95
"Chile",2018,"CHL",7.21
"Chile",2019,"CHL",7.27
"Chile",2020,"CHL",11.14
"Chile",2021,"CHL",9.35
"Chile",2022,"CHL",7.784
"China",2015,"CHN",4.65
"China",2016,"CHN",4.56
"China",2017,"CHN",4.47
"China",2018,"CHN",4.31
"China",2019,"CHN",4.56
"China",2020,"CHN",5
"China",2021,"CHN",4.55
"China",2022,"CHN",4.886
"Cote d'Ivoire",2015,"CIV",2.697
"Cote d'Ivoire",2016,"CIV",1.9
"Cote d'Ivoire",2017,"CIV",3.27
"Cote d'Ivoire",2018,"CIV",2.835
"Cote d'Ivoire",2019,"CIV",2.4
"Cote d'Ivoire",2020,"CIV",2.66
"Cote d'Ivoire",2021,"CIV",2.817
"Cote d'Ivoire",2022,"CIV",2.637
"Cameroon",2015,"CMR",3.546
"Cameroon",2016,"CMR",3.572
"Cameroon",2017,"CMR",3.598
"Cameroon",2018,"CMR",3.609
"Cameroon",2019,"CMR",3.629
"Cameroon",2020,"CMR",3.947
"Cameroon",2021,"CMR",4.122
"Cameroon",2022,"CMR",4.001
"Congo, Dem. Rep.",2015,"COD",4.457
"Congo, Dem. Rep.",2016,"COD",4.479
"Congo, Dem. Rep.",2017,"COD",4.459
"Congo, Dem. Rep.",2018,"COD",4.434
"Congo, Dem. Rep.",2019,"COD",4.436
"Congo, Dem. Rep.",2020,"COD",5.127
"Congo, Dem. Rep.",2021,"COD",5.112
"Congo, Dem. Rep.",2022,"COD",4.987
"Congo, Rep.",2015,"COG",20.485
"Congo, Rep.",2016,"COG",20.648
"Congo, Rep.",2017,"COG",20.592
"Congo, Rep.",2018,"COG",20.644
"Congo, Rep.",2019,"COG",20.612
"Congo, Rep.",2020,"COG",22.517
"Congo, Rep.",2021,"COG",22.235
"Congo, Rep.",2022,"COG",21.795
"Colombia",2015,"COL",8.3
"Colombia",2016,"COL",8.69
"Colombia",2017,"COL",8.87
"Colombia",2018,"COL",9.11
"Colombia",2019,"COL",9.96
"Colombia",2020,"COL",15.04
"Colombia",2021,"COL",13.9
"Colombia",2022,"COL",10.726
"Comoros",2015,"COM",8.14
"Comoros",2016,"COM",8.082
"Comoros",2017,"COM",8.056
"Comoros",2018,"COM",8.043
"Comoros",2019,"COM",8.063
"Comoros",2020,"COM",9.032
"Comoros",2021,"COM",8.979
"Comoros",2022,"COM",8.811
"Cabo Verde",2015,"CPV",11.81
"Cabo Verde",2016,"CPV",12.002
"Cabo Verde",2017,"CPV",12.24
"Cabo Verde",2018,"CPV",12.17
"Cabo Verde",2019,"CPV",12.207
"Cabo Verde",2020,"CPV",14.878
"Cabo Verde",2021,"CPV",13.91
"Cabo Verde",2022,"CPV",13.57
"Costa Rica",2015,"CRI",8.42
"Costa Rica",2016,"CRI",8.09
"Costa Rica",2017,"CRI",7.73
"Costa Rica",2018,"CRI",9.01
"Costa Rica",2019,"CRI",10.81
"Costa Rica",2020,"CRI",16.43
"Costa Rica",2021,"CRI",15.14
"Costa Rica",2022,"CRI",11.453
"Cuba",2015,"CUB",2.4
"Cuba",2016,"CUB",2
"Cuba",2017,"CUB",1.7
"Cuba",2018,"CUB",1.7
"Cuba",2019,"CUB",1.2
"Cuba",2020,"CUB",1.4
"Cuba",2021,"CUB",1.473
"Cuba",2022,"CUB",1.386
"Cyprus",2015,"CYP",14.91
"Cyprus",2016,"CYP",12.95
"Cyprus",2017,"CYP",11.05
"Cyprus",2018,"CYP",8.37
"Cyprus",2019,"CYP",7.07
"Cyprus",2020,"CYP",7.59
"Cyprus",2021,"CYP",7.46
"Cyprus",2022,"CYP",6.976
"Czechia",2015,"CZE",5.05
"Czechia",2016,"CZE",3.95
"Czechia",2017,"CZE",2.89
"Czechia",2018,"CZE",2.24
"Czechia",2019,"CZE",2.01
"Czechia",2020,"CZE",2.55
"Czechia",2021,"CZE",2.81
"Czechia",2022,"CZE",2.37
"Germany",2015,"DEU",4.62
"Germany",2016,"DEU",4.12
"Germany",2017,"DEU",3.75
"Germany",2018,"DEU",3.38
"Germany",2019,"DEU",3.14
"Germany",2020,"DEU",3.86
"Germany",2021,"DEU",3.57
"Germany",2022,"DEU",2.989
"Djibouti",2015,"DJI",26.337
"Djibouti",2016,"DJI",26.197
"Djibouti",2017,"DJI",26.06
"Djibouti",2018,"DJI",26.149
"Djibouti",2019,"DJI",26.315
"Djibouti",2020,"DJI",28.048
"Djibouti",2021,"DJI",27.954
"Djibouti",2022,"DJI",27.929
"Denmark",2015,"DNK",6.28
"Denmark",2016,"DNK",5.99
"Denmark",2017,"DNK",5.83
"Denmark",2018,"DNK",5.13
"Denmark",2019,"DNK",5.02
"Denmark",2020,"DNK",5.64
"Denmark",2021,"DNK",5.06
"Denmark",2022,"DNK",4.172
"Dominican Republic",2015,"DOM",7.61
"Dominican Republic",2016,"DOM",7.28
"Dominican Republic",2017,"DOM",5.83
"Dominican Republic",2018,"DOM",5.86
"Dominican Republic",2019,"DOM",6.18
"Dominican Republic",2020,"DOM",6.13
"Dominican Republic",2021,"DOM",7.7
"Dominican Republic",2022,"DOM",7.121
"Algeria",2015,"DZA",11.21
"Algeria",2016,"DZA",10.2
"Algeria",2017,"DZA",10.334
"Algeria",2018,"DZA",10.416
"Algeria",2019,"DZA",10.495
"Algeria",2020,"DZA",12.248
"Algeria",2021,"DZA",11.747
"Algeria",2022,"DZA",11.55
"Ecuador",2015,"ECU",3.62
"Ecuador",2016,"ECU",4.6
"Ecuador",2017,"ECU",3.84
"Ecuador",2018,"ECU",3.53
"Ecuador",2019,"ECU",3.81
"Ecuador",2020,"ECU",6.11
"Ecuador",2021,"ECU",4.5
"Ecuador",2022,"ECU",3.955
"Egypt, Arab Rep.",2015,"EGY",13.052
"Egypt, Arab Rep.",2016,"EGY",12.45
"Egypt, Arab Rep.",2017,"EGY",11.767
"Egypt, Arab Rep.",2018,"EGY",9.855
"Egypt, Arab Rep.",2019,"EGY",7.851
"Egypt, Arab Rep.",2020,"EGY",7.939
"Egypt, Arab Rep.",2021,"EGY",7.4
"Egypt, Arab Rep.",2022,"EGY",6.959
"Eritrea",2015,"ERI",5.797
"Eritrea",2016,"ERI",5.807
"Eritrea",2017,"ERI",5.807
"Eritrea",2018,"ERI",5.697
"Eritrea",2019,"ERI",5.704
"Eritrea",2020,"ERI",7.28
"Eritrea",2021,"ERI",6.802
"Eritrea",2022,"ERI",6.618
"Spain",2015,"ESP",22.06
"Spain",2016,"ESP",19.64
"Spain",2017,"ESP",17.22
"Spain",2018,"ESP",15.25
"Spain",2019,"ESP",14.1
"Spain",2020,"ESP",15.53
"Spain",2021,"ESP",14.78
"Spain",2022,"ESP",13.009
"Estonia",2015,"EST",6.41
"Estonia",2016,"EST",6.88
"Estonia",2017,"EST",5.81
"Estonia",2018,"EST",5.41
"Estonia",2019,"EST",4.51
"Estonia",2020,"EST",6.96
"Estonia",2021,"EST",6.18
"Estonia",2022,"EST",5.851
"Ethiopia",2015,"ETH",2.573
"Ethiopia",2016,"ETH",2.735
"Ethiopia",2017,"ETH",2.896
"Ethiopia",2018,"ETH",3.058
"Ethiopia",2019,"ETH",3.219
"Ethiopia",2020,"ETH",4.126
"Ethiopia",2021,"ETH",3.93
"Ethiopia",2022,"ETH",4.018
"Finland",2015,"FIN",9.38
"Finland",2016,"FIN",8.82
"Finland",2017,"FIN",8.64
"Finland",2018,"FIN",7.36
"Finland",2019,"FIN",6.69
"Finland",2020,"FIN",7.76
"Finland",2021,"FIN",7.61
"Finland",2022,"FIN",6.801
"Fiji",2015,"FJI",4.286
"Fiji",2016,"FJI",4.32
"Fiji",2017,"FJI",4.261
"Fiji",2018,"FJI",4.315
"Fiji",2019,"FJI",4.442
"Fiji",2020,"FJI",4.794
"Fiji",2021,"FJI",4.929
"Fiji",2022,"FJI",4.334
"France",2015,"FRA",10.35
"France",2016,"FRA",10.05
"France",2017,"FRA",9.41
"France",2018,"FRA",9.02
"France",2019,"FRA",8.41
"France",2020,"FRA",8.01
"France",2021,"FRA",7.86
"France",2022,"FRA",7.445
"Gabon",2015,"GAB",20.601
"Gabon",2016,"GAB",20.668
"Gabon",2017,"GAB",20.732
"Gabon",2018,"GAB",20.747
"Gabon",2019,"GAB",20.695
"Gabon",2020,"GAB",21.726
"Gabon",2021,"GAB",21.836
"Gabon",2022,"GAB",21.469
"United Kingdom",2015,"GBR",5.3
"United Kingdom",2016,"GBR",4.81
"United Kingdom",2017,"GBR",4.33
"United Kingdom",2018,"GBR",4
"United Kingdom",2019,"GBR",3.74
"United Kingdom",2020,"GBR",4.472
"United Kingdom",2021,"GBR",4.826
"United Kingdom",2022,"GBR",3.571
"Georgia",2015,"GEO",16.51
"Georgia",2016,"GEO",16.6
"Georgia",2017,"GEO",13.94
"Georgia",2018,"GEO",12.67
"Georgia",2019,"GEO",11.57
"Georgia",2020,"GEO",11.73
"Georgia",2021,"GEO",12.208
"Georgia",2022,"GEO",11.311
"Ghana",2015,"GHA",6.81
"Ghana",2016,"GHA",5.106
"Ghana",2017,"GHA",3.37
"Ghana",2018,"GHA",3.429
"Ghana",2019,"GHA",3.463
"Ghana",2020,"GHA",3.774
"Ghana",2021,"GHA",3.919
"Ghana",2022,"GHA",3.867
"Guinea",2015,"GIN",4.942
"Guinea",2016,"GIN",4.833
"Guinea",2017,"GIN",4.871
"Guinea",2018,"GIN",4.977
"Guinea",2019,"GIN",5.02
"Guinea",2020,"GIN",5.945
"Guinea",2021,"GIN",5.82
"Guinea",2022,"GIN",5.749
"Gambia, The",2015,"GMB",6.814
"Gambia, The",2016,"GMB",5.959
"Gambia, The",2017,"GMB",5.038
"Gambia, The",2018,"GMB",4.13
"Gambia, The",2019,"GMB",4.18
"Gambia, The",2020,"GMB",5.096
"Gambia, The",2021,"GMB",4.981
"Gambia, The",2022,"GMB",4.78
"Guinea-Bissau",2015,"GNB",3.142
"Guinea-Bissau",2016,"GNB",3.151
"Guinea-Bissau",2017,"GNB",3.162
"Guinea-Bissau",2018,"GNB",3.2
"Guinea-Bissau",2019,"GNB",3.175
"Guinea-Bissau",2020,"GNB",3.605
"Guinea-Bissau",2021,"GNB",3.687
"Guinea-Bissau",2022,"GNB",3.583
"Equatorial Guinea",2015,"GNQ",8.205
"Equatorial Guinea",2016,"GNQ",8.227
"Equatorial Guinea",2017,"GNQ",8.263
"Equatorial Guinea",2018,"GNQ",8.2
"Equatorial Guinea",2019,"GNQ",8.277
"Equatorial Guinea",2020,"GNQ",9.295
"Equatorial Guinea",2021,"GNQ",9.147
"Equatorial Guinea",2022,"GNQ",8.689
"Greece",2015,"GRC",24.9
"Greece",2016,"GRC",23.54
"Greece",2017,"GRC",21.49
"Greece",2018,"GRC",19.29
"Greece",2019,"GRC",17.31
"Greece",2020,"GRC",16.31
"Greece",2021,"GRC",14.71
"Greece",2022,"GRC",12.162
"Guatemala",2015,"GTM",2.51
"Guatemala",2016,"GTM",2.58
"Guatemala",2017,"GTM",2.46
"Guatemala",2018,"GTM",2.28
"Guatemala",2019,"GTM",2.19
"Guatemala",2020,"GTM",3.359
"Guatemala",2021,"GTM",2.942
"Guatemala",2022,"GTM",2.569
"Guam",2015,"GUM",6.9
"Guam",2016,"GUM",5.4
"Guam",2017,"GUM",5.43
"Guam",2018,"GUM",5.547
"Guam",2019,"GUM",5.477
"Guam",2020,"GUM",6.577
"Guam",2021,"GUM",6.25
"Guam",2022,"GUM",6.134
"Guyana",2015,"GUY",13.252
"Guyana",2016,"GUY",13.475
"Guyana",2017,"GUY",13.757
"Guyana",2018,"GUY",14.02
"Guyana",2019,"GUY",13.52
"Guyana",2020,"GUY",15.589
"Guyana",2021,"GUY",14.905
"Guyana",2022,"GUY",12.358
"Hong Kong SAR, China",2015,"HKG",3.31
"Hong Kong SAR, China",2016,"HKG",3.39
"Hong Kong SAR, China",2017,"HKG",3.12
"Hong Kong SAR, China",2018,"HKG",2.81
"Hong Kong SAR, China",2019,"HKG",2.92
"Hong Kong SAR, China",2020,"HKG",5.81
"Hong Kong SAR, China",2021,"HKG",5.17
"Hong Kong SAR, China",2022,"HKG",5.058
"Honduras",2015,"HND",6.15
"Honduras",2016,"HND",6.73
"Honduras",2017,"HND",5.53
"Honduras",2018,"HND",5.62
"Honduras",2019,"HND",5.55
"Honduras",2020,"HND",10.68
"Honduras",2021,"HND",7.947
"Honduras",2022,"HND",7.099
"Croatia",2015,"HRV",16.18
"Croatia",2016,"HRV",13.1
"Croatia",2017,"HRV",11.21
"Croatia",2018,"HRV",8.43
"Croatia",2019,"HRV",6.62
"Croatia",2020,"HRV",7.51
"Croatia",2021,"HRV",7.61
"Croatia",2022,"HRV",6.746
"Haiti",2015,"HTI",13.888
"Haiti",2016,"HTI",13.852
"Haiti",2017,"HTI",13.786
"Haiti",2018,"HTI",13.755
"Haiti",2019,"HTI",13.781
"Haiti",2020,"HTI",15.085
"Haiti",2021,"HTI",15.017
"Haiti",2022,"HTI",14.836
"Hungary",2015,"HUN",6.81
"Hungary",2016,"HUN",5.11
"Hungary",2017,"HUN",4.16
"Hungary",2018,"HUN",3.71
"Hungary",2019,"HUN",3.42
"Hungary",2020,"HUN",4.25
"Hungary",2021,"HUN",4.05
"Hungary",2022,"HUN",3.423
"Indonesia",2015,"IDN",4.51
"Indonesia",2016,"IDN",4.3
"Indonesia",2017,"IDN",3.78
"Indonesia",2018,"IDN",4.39
"Indonesia",2019,"IDN",3.59
"Indonesia",2020,"IDN",4.25
"Indonesia",2021,"IDN",3.83
"Indonesia",2022,"IDN",3.554
"India",2015,"IND",7.915
"India",2016,"IND",7.842
"India",2017,"IND",7.733
"India",2018,"IND",7.65
"India",2019,"IND",6.51
"India",2020,"IND",10.195
"India",2021,"IND",7.713
"India",2022,"IND",7.33
"Ireland",2015,"IRL",9.91
"Ireland",2016,"IRL",8.37
"Ireland",2017,"IRL",6.71
"Ireland",2018,"IRL",5.74
"Ireland",2019,"IRL",4.95
"Ireland",2020,"IRL",5.62
"Ireland",2021,"IRL",6.19
"Ireland",2022,"IRL",4.362
"Iran, Islamic Rep.",2015,"IRN",11.17
"Iran, Islamic Rep.",2016,"IRN",12.62
"Iran, Islamic Rep.",2017,"IRN",12.23
"Iran, Islamic Rep.",2018,"IRN",12.19
"Iran, Islamic Rep.",2019,"IRN",10.74
"Iran, Islamic Rep.",2020,"IRN",9.69
"Iran, Islamic Rep.",2021,"IRN",10.818
"Iran, Islamic Rep.",2022,"IRN",10.964
"Iraq",2015,"IRQ",10.729
"Iraq",2016,"IRQ",10.82
"Iraq",2017,"IRQ",13.02
"Iraq",2018,"IRQ",14.065
"Iraq",2019,"IRQ",15.11
"Iraq",2020,"IRQ",16.23
"Iraq",2021,"IRQ",16.17
"Iraq",2022,"IRQ",15.547
"Iceland",2015,"ISL",3.98
"Iceland",2016,"ISL",2.98
"Iceland",2017,"ISL",2.74
"Iceland",2018,"ISL",2.7
"Iceland",2019,"ISL",3.51
"Iceland",2020,"ISL",5.48
"Iceland",2021,"ISL",6.02
"Iceland",2022,"ISL",3.809
"Israel",2015,"ISR",5.25
"Israel",2016,"ISR",4.8
"Israel",2017,"ISR",4.22
"Israel",2018,"ISR",4
"Israel",2019,"ISR",3.8
"Israel",2020,"ISR",4.33
"Israel",2021,"ISR",4.319
"Israel",2022,"ISR",3.476
"Italy",2015,"ITA",11.9
"Italy",2016,"ITA",11.69
"Italy",2017,"ITA",11.21
"Italy",2018,"ITA",10.61
"Italy",2019,"ITA",9.95
"Italy",2020,"ITA",9.16
"Italy",2021,"ITA",9.5
"Italy",2022,"ITA",8.094
"Jamaica",2015,"JAM",8.842
"Jamaica",2016,"JAM",8.63
"Jamaica",2017,"JAM",7.4
"Jamaica",2018,"JAM",5.47
"Jamaica",2019,"JAM",4.99
"Jamaica",2020,"JAM",6.5
"Jamaica",2021,"JAM",6.011
"Jamaica",2022,"JAM",6.049
"Jordan",2015,"JOR",13.08
"Jordan",2016,"JOR",15.28
"Jordan",2017,"JOR",18.12
"Jordan",2018,"JOR",18.26
"Jordan",2019,"JOR",16.8
"Jordan",2020,"JOR",19.21
"Jordan",2021,"JOR",18.444
"Jordan",2022,"JOR",17.874
"Japan",2015,"JPN",3.39
"Japan",2016,"JPN",3.13
"Japan",2017,"JPN",2.82
"Japan",2018,"JPN",2.47
"Japan",2019,"JPN",2.35
"Japan",2020,"JPN",2.8
"Japan",2021,"JPN",2.8
"Japan",2022,"JPN",2.641
"Kazakhstan",2015,"KAZ",4.93
"Kazakhstan",2016,"KAZ",4.96
"Kazakhstan",2017,"KAZ",4.9
"Kazakhstan",2018,"KAZ",4.85
"Kazakhstan",2019,"KAZ",4.8
"Kazakhstan",2020,"KAZ",4.89
"Kazakhstan",2021,"KAZ",5.162
"Kazakhstan",2022,"KAZ",5.008
"Kenya",2015,"KEN",2.774
"Kenya",2016,"KEN",2.76
"Kenya",2017,"KEN",3.52
"Kenya",2018,"KEN",4.245
"Kenya",2019,"KEN",5.01
"Kenya",2020,"KEN",5.616
"Kenya",2021,"KEN",5.644
"Kenya",2022,"KEN",5.502
"Kyrgyz Republic",2015,"KGZ",3.378
"Kyrgyz Republic",2016,"KGZ",3.483
"Kyrgyz Republic",2017,"KGZ",3.589
"Kyrgyz Republic",2018,"KGZ",3.67
"Kyrgyz Republic",2019,"KGZ",4.25
"Kyrgyz Republic",2020,"KGZ",4.63
"Kyrgyz Republic",2021,"KGZ",4.766
"Kyrgyz Republic",2022,"KGZ",4.567
"Cambodia",2015,"KHM",0.39
"Cambodia",2016,"KHM",0.72
"Cambodia",2017,"KHM",0.14
"Cambodia",2018,"KHM",0.142
"Cambodia",2019,"KHM",0.146
"Cambodia",2020,"KHM",0.298
"Cambodia",2021,"KHM",0.295
"Cambodia",2022,"KHM",0.361
"Korea, Rep.",2015,"KOR",3.55
"Korea, Rep.",2016,"KOR",3.65
"Korea, Rep.",2017,"KOR",3.65
"Korea, Rep.",2018,"KOR",3.82
"Korea, Rep.",2019,"KOR",3.75
"Korea, Rep.",2020,"KOR",3.93
"Korea, Rep.",2021,"KOR",3.64
"Korea, Rep.",2022,"KOR",2.788
"Kuwait",2015,"KWT",2.2
"Kuwait",2016,"KWT",2.16
"Kuwait",2017,"KWT",2.198
"Kuwait",2018,"KWT",2.158
"Kuwait",2019,"KWT",2.156
"Kuwait",2020,"KWT",3.331
"Kuwait",2021,"KWT",2.818
"Kuwait",2022,"KWT",2.482
"Lao PDR",2015,"LAO",2.521
"Lao PDR",2016,"LAO",2.896
"Lao PDR",2017,"LAO",3.27
"Lao PDR",2018,"LAO",3.266
"Lao PDR",2019,"LAO",3.273
"Lao PDR",2020,"LAO",3.576
"Lao PDR",2021,"LAO",3.637
"Lao PDR",2022,"LAO",2.633
"Lebanon",2015,"LBN",9.263
"Lebanon",2016,"LBN",9.723
"Lebanon",2017,"LBN",10.211
"Lebanon",2018,"LBN",10.728
"Lebanon",2019,"LBN",11.3
"Lebanon",2020,"LBN",12.971
"Lebanon",2021,"LBN",12.497
"Lebanon",2022,"LBN",12.635
"Liberia",2015,"LBR",2.577
"Liberia",2016,"LBR",3.08
"Liberia",2017,"LBR",3.042
"Liberia",2018,"LBR",3.025
"Liberia",2019,"LBR",3.017
"Liberia",2020,"LBR",3.842
"Liberia",2021,"LBR",3.672
"Liberia",2022,"LBR",3.634
"Libya",2015,"LBY",19.521
"Libya",2016,"LBY",19.516
"Libya",2017,"LBY",19.291
"Libya",2018,"LBY",19.446
"Libya",2019,"LBY",19.612
"Libya",2020,"LBY",20.343
"Libya",2021,"LBY",20.606
"Libya",2022,"LBY",20.68
"St. Lucia",2015,"LCA",20.556
"St. Lucia",2016,"LCA",19.659
"St. Lucia",2017,"LCA",18.86
"St. Lucia",2018,"LCA",19.08
"St. Lucia",2019,"LCA",15.32
"St. Lucia",2020,"LCA",20.39
"St. Lucia",2021,"LCA",19.52
"St. Lucia",2022,"LCA",17.362
"Sri Lanka",2015,"LKA",4.52
"Sri Lanka",2016,"LKA",4.24
"Sri Lanka",2017,"LKA",4.05
"Sri Lanka",2018,"LKA",4.32
"Sri Lanka",2019,"LKA",4.67
"Sri Lanka",2020,"LKA",5.2
"Sri Lanka",2021,"LKA",5.239
"Sri Lanka",2022,"LKA",6.705
"Lesotho",2015,"LSO",16.852
"Lesotho",2016,"LSO",16.825
"Lesotho",2017,"LSO",16.985
"Lesotho",2018,"LSO",16.918
"Lesotho",2019,"LSO",16.88
"Lesotho",2020,"LSO",18.461
"Lesotho",2021,"LSO",18.293
"Lesotho",2022,"LSO",18.039
"Lithuania",2015,"LTU",9.12
"Lithuania",2016,"LTU",7.86
"Lithuania",2017,"LTU",7.07
"Lithuania",2018,"LTU",6.15
"Lithuania",2019,"LTU",6.26
"Lithuania",2020,"LTU",8.49
"Lithuania",2021,"LTU",7.11
"Lithuania",2022,"LTU",5.569
"Luxembourg",2015,"LUX",6.67
"Luxembourg",2016,"LUX",6.29
"Luxembourg",2017,"LUX",5.52
"Luxembourg",2018,"LUX",5.59
"Luxembourg",2019,"LUX",5.59
"Luxembourg",2020,"LUX",6.77
"Luxembourg",2021,"LUX",5.25
"Luxembourg",2022,"LUX",4.698
"Latvia",2015,"LVA",9.87
"Latvia",2016,"LVA",9.64
"Latvia",2017,"LVA",8.72
"Latvia",2018,"LVA",7.41
"Latvia",2019,"LVA",6.31
"Latvia",2020,"LVA",8.1
"Latvia",2021,"LVA",7.51
"Latvia",2022,"LVA",6.429
"Macao SAR, China",2015,"MAC",1.81
"Macao SAR, China",2016,"MAC",1.94
"Macao SAR, China",2017,"MAC",1.99
"Macao SAR, China",2018,"MAC",1.83
"Macao SAR, China",2019,"MAC",1.75
"Macao SAR, China",2020,"MAC",2.57
"Macao SAR, China",2021,"MAC",2.253
"Macao SAR, China",2022,"MAC",2.627
"Morocco",2015,"MAR",9.46
"Morocco",2016,"MAR",9.3
"Morocco",2017,"MAR",9.225
"Morocco",2018,"MAR",9.239
"Morocco",2019,"MAR",9.242
"Morocco",2020,"MAR",11.114
"Morocco",2021,"MAR",10.542
"Morocco",2022,"MAR",10.494
"Moldova",2015,"MDA",4.7
"Moldova",2016,"MDA",4.02
"Moldova",2017,"MDA",3.89
"Moldova",2018,"MDA",2.91
"Moldova",2019,"MDA",5.1
"Moldova",2020,"MDA",3.82
"Moldova",2021,"MDA",3.23
"Moldova",2022,"MDA",2.278
"Madagascar",2015,"MDG",1.79
"Madagascar",2016,"MDG",1.8
"Madagascar",2017,"MDG",1.815
"Madagascar",2018,"MDG",1.833
"Madagascar",2019,"MDG",1.841
"Madagascar",2020,"MDG",2.363
"Madagascar",2021,"MDG",2.31
"Madagascar",2022,"MDG",2.142
"Maldives",2015,"MDV",6.618
"Maldives",2016,"MDV",5.77
"Maldives",2017,"MDV",5.371
"Maldives",2018,"MDV",4.971
"Maldives",2019,"MDV",4.56
"Maldives",2020,"MDV",5.34
"Maldives",2021,"MDV",5.257
"Maldives",2022,"MDV",4.883
"Mexico",2015,"MEX",4.31
"Mexico",2016,"MEX",3.86
"Mexico",2017,"MEX",3.42
"Mexico",2018,"MEX",3.27
"Mexico",2019,"MEX",3.48
"Mexico",2020,"MEX",4.45
"Mexico",2021,"MEX",4.09
"Mexico",2022,"MEX",3.308
"North Macedonia",2015,"MKD",26.43
"North Macedonia",2016,"MKD",24.3
"North Macedonia",2017,"MKD",22.81
"North Macedonia",2018,"MKD",21.2
"North Macedonia",2019,"MKD",17.39
"North Macedonia",2020,"MKD",16.55
"North Macedonia",2021,"MKD",15.78
"North Macedonia",2022,"MKD",15.081
"Mali",2015,"MLI",1.361
"Mali",2016,"MLI",1.37
"Mali",2017,"MLI",1.494
"Mali",2018,"MLI",1.62
"Mali",2019,"MLI",1.619
"Mali",2020,"MLI",3.53
"Mali",2021,"MLI",2.603
"Mali",2022,"MLI",2.762
"Malta",2015,"MLT",5.38
"Malta",2016,"MLT",4.69
"Malta",2017,"MLT",4
"Malta",2018,"MLT",3.66
"Malta",2019,"MLT",3.62
"Malta",2020,"MLT",4.35
"Malta",2021,"MLT",3.53
"Malta",2022,"MLT",2.813
"Myanmar",2015,"MMR",0.77
"Myanmar",2016,"MMR",0.994
"Myanmar",2017,"MMR",1.36
"Myanmar",2018,"MMR",0.77
"Myanmar",2019,"MMR",0.41
"Myanmar",2020,"MMR",1.48
"Montenegro",2015,"MNE",17.55
"Montenegro",2016,"MNE",17.73
"Montenegro",2017,"MNE",16.08
"Montenegro",2018,"MNE",15.19
"Montenegro",2019,"MNE",15.13
"Montenegro",2020,"MNE",17.88
"Montenegro",2021,"MNE",16.87
"Montenegro",2022,"MNE",15.402
"Mongolia",2015,"MNG",4.86
"Mongolia",2016,"MNG",7.24
"Mongolia",2017,"MNG",6.36
"Mongolia",2018,"MNG",5.38
"Mongolia",2019,"MNG",5.443
"Mongolia",2020,"MNG",6.59
"Mongolia",2021,"MNG",7.75
"Mongolia",2022,"MNG",8.247
"Mozambique",2015,"MOZ",3.43
"Mozambique",2016,"MOZ",3.454
"Mozambique",2017,"MOZ",3.453
"Mozambique",2018,"MOZ",3.455
"Mozambique",2019,"MOZ",3.465
"Mozambique",2020,"MOZ",3.776
"Mozambique",2021,"MOZ",3.939
"Mozambique",2022,"MOZ",3.906
"Mauritania",2015,"MRT",10.152
"Mauritania",2016,"MRT",10.308
"Mauritania",2017,"MRT",10.34
"Mauritania",2018,"MRT",10.391
"Mauritania",2019,"MRT",10.402
"Mauritania",2020,"MRT",11.137
"Mauritania",2021,"MRT",11.287
"Mauritania",2022,"MRT",11.109
"Mauritius",2015,"MUS",7.41
"Mauritius",2016,"MUS",6.81
"Mauritius",2017,"MUS",6.75
"Mauritius",2018,"MUS",6.43
"Mauritius",2019,"MUS",6.33
"Mauritius",2020,"MUS",8.63
"Mauritius",2021,"MUS",7.656
"Mauritius",2022,"MUS",7.234
"Malawi",2015,"MWI",4.987
"Malawi",2016,"MWI",4.982
"Malawi",2017,"MWI",4.96
"Malawi",2018,"MWI",4.949
"Malawi",2019,"MWI",4.932
"Malawi",2020,"MWI",5.681
"Malawi",2021,"MWI",5.658
"Malawi",2022,"MWI",5.614
"Malaysia",2015,"MYS",3.1
"Malaysia",2016,"MYS",3.44
"Malaysia",2017,"MYS",3.41
"Malaysia",2018,"MYS",3.3
"Malaysia",2019,"MYS",3.26
"Malaysia",2020,"MYS",4.54
"Malaysia",2021,"MYS",4.046
"Malaysia",2022,"MYS",3.73
"Namibia",2015,"NAM",20.895
"Namibia",2016,"NAM",23.35
"Namibia",2017,"NAM",21.656
"Namibia",2018,"NAM",19.88
"Namibia",2019,"NAM",20.002
"Namibia",2020,"NAM",21.236
"Namibia",2021,"NAM",21.268
"Namibia",2022,"NAM",20.846
"New Caledonia",2015,"NCL",13.891
"New Caledonia",2016,"NCL",13.182
"New Caledonia",2017,"NCL",12.275
"New Caledonia",2018,"NCL",11.603
"New Caledonia",2019,"NCL",10.88
"New Caledonia",2020,"NCL",13.56
"New Caledonia",2021,"NCL",12.436
"New Caledonia",2022,"NCL",12.267
"Niger",2015,"NER",0.532
"Niger",2016,"NER",0.534
"Niger",2017,"NER",0.542
"Niger",2018,"NER",0.542
"Niger",2019,"NER",0.552
"Niger",2020,"NER",0.68
"Niger",2021,"NER",0.668
"Niger",2022,"NER",0.534
"Nigeria",2015,"NGA",4.221
"Nigeria",2016,"NGA",4.509
"Nigeria",2017,"NGA",4.729
"Nigeria",2018,"NGA",4.963
"Nigeria",2019,"NGA",5.206
"Nigeria",2020,"NGA",5.999
"Nigeria",2021,"NGA",5.936
"Nigeria",2022,"NGA",5.761
"Nicaragua",2015,"NIC",4.7
"Nicaragua",2016,"NIC",3.9
"Nicaragua",2017,"NIC",3.3
"Nicaragua",2018,"NIC",5.2
"Nicaragua",2019,"NIC",5.202
"Nicaragua",2020,"NIC",5.937
"Nicaragua",2021,"NIC",5.932
"Nicaragua",2022,"NIC",5.565
"Netherlands",2015,"NLD",6.87
"Netherlands",2016,"NLD",6.01
"Netherlands",2017,"NLD",4.84
"Netherlands",2018,"NLD",3.83
"Netherlands",2019,"NLD",3.38
"Netherlands",2020,"NLD",3.82
"Netherlands",2021,"NLD",4.21
"Netherlands",2022,"NLD",3.538
"Norway",2015,"NOR",4.3
"Norway",2016,"NOR",4.68
"Norway",2017,"NOR",4.16
"Norway",2018,"NOR",3.8
"Norway",2019,"NOR",3.69
"Norway",2020,"NOR",4.42
"Norway",2021,"NOR",4.37
"Norway",2022,"NOR",3.171
"Nepal",2015,"NPL",10.512
"Nepal",2016,"NPL",10.403
"Nepal",2017,"NPL",10.66
"Nepal",2018,"NPL",10.623
"Nepal",2019,"NPL",10.599
"Nepal",2020,"NPL",13.078
"Nepal",2021,"NPL",12.223
"Nepal",2022,"NPL",11.119
"New Zealand",2015,"NZL",5.41
"New Zealand",2016,"NZL",5.15
"New Zealand",2017,"NZL",4.74
"New Zealand",2018,"NZL",4.33
"New Zealand",2019,"NZL",4.11
"New Zealand",2020,"NZL",4.6
"New Zealand",2021,"NZL",3.78
"New Zealand",2022,"NZL",3.253
"Oman",2015,"OMN",3.384
"Oman",2016,"OMN",3.27
"Oman",2017,"OMN",2.573
"Oman",2018,"OMN",1.8
"Oman",2019,"OMN",1.85
"Oman",2020,"OMN",2.94
"Oman",2021,"OMN",2.512
"Oman",2022,"OMN",2.327
"Pakistan",2015,"PAK",3.57
"Pakistan",2016,"PAK",3.756
"Pakistan",2017,"PAK",3.913
"Pakistan",2018,"PAK",4.08
"Pakistan",2019,"PAK",4.83
"Pakistan",2020,"PAK",6.55
"Pakistan",2021,"PAK",6.34
"Pakistan",2022,"PAK",6.416
"Panama",2015,"PAN",4.368
"Panama",2016,"PAN",4.759
"Panama",2017,"PAN",5.392
"Panama",2018,"PAN",5.218
"Panama",2019,"PAN",6.33
"Panama",2020,"PAN",14.114
"Panama",2021,"PAN",10.301
"Panama",2022,"PAN",8.789
"Peru",2015,"PER",3.27
"Peru",2016,"PER",3.74
"Peru",2017,"PER",3.69
"Peru",2018,"PER",3.49
"Peru",2019,"PER",3.38
"Peru",2020,"PER",7.18
"Peru",2021,"PER",5.1
"Peru",2022,"PER",3.661
"Philippines",2015,"PHL",3.07
"Philippines",2016,"PHL",2.7
"Philippines",2017,"PHL",2.55
"Philippines",2018,"PHL",2.34
"Philippines",2019,"PHL",2.24
"Philippines",2020,"PHL",2.52
"Philippines",2021,"PHL",2.632
"Philippines",2022,"PHL",2.238
"Papua New Guinea",2015,"PNG",2.449
"Papua New Guinea",2016,"PNG",2.455
"Papua New Guinea",2017,"PNG",2.478
"Papua New Guinea",2018,"PNG",2.538
"Papua New Guinea",2019,"PNG",2.432
"Papua New Guinea",2020,"PNG",2.694
"Papua New Guinea",2021,"PNG",2.825
"Papua New Guinea",2022,"PNG",2.753
"Poland",2015,"POL",7.5
"Poland",2016,"POL",6.16
"Poland",2017,"POL",4.89
"Poland",2018,"POL",3.85
"Poland",2019,"POL",3.28
"Poland",2020,"POL",3.16
"Poland",2021,"POL",3.36
"Poland",2022,"POL",2.602
"Puerto Rico",2015,"PRI",12
"Puerto Rico",2016,"PRI",11.8
"Puerto Rico",2017,"PRI",10.8
"Puerto Rico",2018,"PRI",9.2
"Puerto Rico",2019,"PRI",8.3
"Puerto Rico",2020,"PRI",8.89
"Puerto Rico",2021,"PRI",7.9
"Puerto Rico",2022,"PRI",5.971
"Korea, Dem. People's Rep.",2015,"PRK",2.897
"Korea, Dem. People's Rep.",2016,"PRK",2.92
"Korea, Dem. People's Rep.",2017,"PRK",2.86
"Korea, Dem. People's Rep.",2018,"PRK",2.808
"Korea, Dem. People's Rep.",2019,"PRK",2.783
"Korea, Dem. People's Rep.",2020,"PRK",3.064
"Korea, Dem. People's Rep.",2021,"PRK",3.213
"Korea, Dem. People's Rep.",2022,"PRK",2.962
"Portugal",2015,"PRT",12.45
"Portugal",2016,"PRT",11.07
"Portugal",2017,"PRT",8.87
"Portugal",2018,"PRT",6.99
"Portugal",2019,"PRT",6.46
"Portugal",2020,"PRT",6.8
"Portugal",2021,"PRT",6.58
"Portugal",2022,"PRT",5.781
"Paraguay",2015,"PRY",4.56
"Paraguay",2016,"PRY",5.25
"Paraguay",2017,"PRY",4.61
"Paraguay",2018,"PRY",6.22
"Paraguay",2019,"PRY",6.59
"Paraguay",2020,"PRY",7.55
"Paraguay",2021,"PRY",7.31
"Paraguay",2022,"PRY",6.886
"West Bank and Gaza",2015,"PSE",23
"West Bank and Gaza",2016,"PSE",23.94
"West Bank and Gaza",2017,"PSE",25.68
"West Bank and Gaza",2018,"PSE",26.26
"West Bank and Gaza",2019,"PSE",25.34
"West Bank and Gaza",2020,"PSE",25.89
"West Bank and Gaza",2021,"PSE",26.39
"West Bank and Gaza",2022,"PSE",25.724
"French Polynesia",2015,"PYF",12.087
"French Polynesia",2016,"PYF",12.085
"French Polynesia",2017,"PYF",11.975
"French Polynesia",2018,"PYF",12.081
"French Polynesia",2019,"PYF",12.135
"French Polynesia",2020,"PYF",13.67
"French Polynesia",2021,"PYF",13.265
"French Polynesia",2022,"PYF",13.098
"Qatar",2015,"QAT",0.17
"Qatar",2016,"QAT",0.15
"Qatar",2017,"QAT",0.14
"Qatar",2018,"QAT",0.11
"Qatar",2019,"QAT",0.1
"Qatar",2020,"QAT",0.14
"Qatar",2021,"QAT",0.17
"Qatar",2022,"QAT",0.095
"Romania",2015,"ROU",6.81
"Romania",2016,"ROU",5.9
"Romania",2017,"ROU",4.93
"Romania",2018,"ROU",4.19
"Romania",2019,"ROU",3.91
"Romania",2020,"ROU",5.03
"Romania",2021,"ROU",5.59
"Romania",2022,"ROU",5.436
"Russian Federation",2015,"RUS",5.57
"Russian Federation",2016,"RUS",5.56
"Russian Federation",2017,"RUS",5.21
"Russian Federation",2018,"RUS",4.85
"Russian Federation",2019,"RUS",4.5
"Russian Federation",2020,"RUS",5.59
"Russian Federation",2021,"RUS",4.72
"Rwanda",2015,"RWA",11.828
"Rwanda",2016,"RWA",11.86
"Rwanda",2017,"RWA",11.88
"Rwanda",2018,"RWA",12.1
"Rwanda",2019,"RWA",12.43
"Rwanda",2020,"RWA",13.01
"Rwanda",2021,"RWA",13.315
"Rwanda",2022,"RWA",13.009
"Saudi Arabia",2015,"SAU",5.6
"Saudi Arabia",2016,"SAU",5.6
"Saudi Arabia",2017,"SAU",5.89
"Saudi Arabia",2018,"SAU",6.03
"Saudi Arabia",2019,"SAU",5.64
"Saudi Arabia",2020,"SAU",7.45
"Saudi Arabia",2021,"SAU",6.692
"Saudi Arabia",2022,"SAU",5.635
"Sudan",2015,"SDN",17.444
"Sudan",2016,"SDN",17.441
"Sudan",2017,"SDN",17.501
"Sudan",2018,"SDN",17.572
"Sudan",2019,"SDN",17.586
"Sudan",2020,"SDN",19.292
"Sudan",2021,"SDN",19.05
"Sudan",2022,"SDN",18.73
"Senegal",2015,"SEN",6.76
"Senegal",2016,"SEN",4.46
"Senegal",2017,"SEN",4.08
"Senegal",2018,"SEN",3.57
"Senegal",2019,"SEN",2.86
"Senegal",2020,"SEN",3.509
"Senegal",2021,"SEN",3.498
"Senegal",2022,"SEN",3.434
"Singapore",2015,"SGP",3.79
"Singapore",2016,"SGP",4.08
"Singapore",2017,"SGP",4.2
"Singapore",2018,"SGP",3.641
"Singapore",2019,"SGP",3.1
"Singapore",2020,"SGP",4.1
"Singapore",2021,"SGP",3.54
"Singapore",2022,"SGP",2.758
"Solomon Islands",2015,"SLB",0.733
"Solomon Islands",2016,"SLB",0.691
"Solomon Islands",2017,"SLB",0.698
"Solomon Islands",2018,"SLB",0.714
"Solomon Islands",2019,"SLB",0.744
"Solomon Islands",2020,"SLB",0.892
"Solomon Islands",2021,"SLB",0.988
"Solomon Islands",2022,"SLB",1.543
"Sierra Leone",2015,"SLE",4.437
"Sierra Leone",2016,"SLE",3.927
"Sierra Leone",2017,"SLE",3.561
"Sierra Leone",2018,"SLE",3.19
"Sierra Leone",2019,"SLE",3.193
"Sierra Leone",2020,"SLE",3.572
"Sierra Leone",2021,"SLE",3.697
"Sierra Leone",2022,"SLE",3.635
"El Salvador",2015,"SLV",4
"El Salvador",2016,"SLV",4.42
"El Salvador",2017,"SLV",4.39
"El Salvador",2018,"SLV",4.01
"El Salvador",2019,"SLV",4.17
"El Salvador",2020,"SLV",5.02
"El Salvador",2021,"SLV",4.35
"El Salvador",2022,"SLV",3.822
"Somalia",2015,"SOM",18.877
"Somalia",2016,"SOM",18.931
"Somalia",2017,"SOM",18.975
"Somalia",2018,"SOM",18.87
"Somalia",2019,"SOM",18.828
"Somalia",2020,"SOM",19.567
"Somalia",2021,"SOM",19.931
"Somalia",2022,"SOM",20.047
"Serbia",2015,"SRB",17.66
"Serbia",2016,"SRB",15.26
"Serbia",2017,"SRB",13.48
"Serbia",2018,"SRB",12.73
"Serbia",2019,"SRB",10.39
"Serbia",2020,"SRB",9.01
"Serbia",2021,"SRB",10.06
"Serbia",2022,"SRB",9.473
"South Sudan",2015,"SSD",12.29
"South Sudan",2016,"SSD",12.326
"South Sudan",2017,"SSD",12.26
"South Sudan",2018,"SSD",12.229
"South Sudan",2019,"SSD",12.199
"South Sudan",2020,"SSD",13.745
"South Sudan",2021,"SSD",13.485
"South Sudan",2022,"SSD",12.975
"Sao Tome and Principe",2015,"STP",13.78
"Sao Tome and Principe",2016,"STP",13.839
"Sao Tome and Principe",2017,"STP",13.911
"Sao Tome and Principe",2018,"STP",13.998
"Sao Tome and Principe",2019,"STP",14.078
"Sao Tome and Principe",2020,"STP",15.443
"Sao Tome and Principe",2021,"STP",15.34
"Sao Tome and Principe",2022,"STP",15.318
"Suriname",2015,"SUR",7.22
"Suriname",2016,"SUR",7.92
"Suriname",2017,"SUR",7.91
"Suriname",2018,"SUR",7.932
"Suriname",2019,"SUR",8.029
"Suriname",2020,"SUR",9.524
"Suriname",2021,"SUR",9.078
"Suriname",2022,"SUR",8.639
"Slovak Republic",2015,"SVK",11.48
"Slovak Republic",2016,"SVK",9.67
"Slovak Republic",2017,"SVK",8.13
"Slovak Republic",2018,"SVK",6.54
"Slovak Republic",2019,"SVK",5.75
"Slovak Republic",2020,"SVK",6.69
"Slovak Republic",2021,"SVK",6.83
"Slovak Republic",2022,"SVK",6.094
"Slovenia",2015,"SVN",8.96
"Slovenia",2016,"SVN",8
"Slovenia",2017,"SVN",6.56
"Slovenia",2018,"SVN",5.11
"Slovenia",2019,"SVN",4.45
"Slovenia",2020,"SVN",4.97
"Slovenia",2021,"SVN",4.74
"Slovenia",2022,"SVN",4.18
"Sweden",2015,"SWE",7.43
"Sweden",2016,"SWE",6.99
"Sweden",2017,"SWE",6.72
"Sweden",2018,"SWE",6.36
"Sweden",2019,"SWE",6.83
"Sweden",2020,"SWE",8.29
"Sweden",2021,"SWE",8.72
"Sweden",2022,"SWE",7.358
"Eswatini",2015,"SWZ",23.317
"Eswatini",2016,"SWZ",22.72
"Eswatini",2017,"SWZ",22.731
"Eswatini",2018,"SWZ",22.756
"Eswatini",2019,"SWZ",22.782
"Eswatini",2020,"SWZ",25.08
"Eswatini",2021,"SWZ",24.56
"Eswatini",2022,"SWZ",24.389
"Syrian Arab Republic",2015,"SYR",8.721
"Syrian Arab Republic",2016,"SYR",8.765
"Syrian Arab Republic",2017,"SYR",8.747
"Syrian Arab Republic",2018,"SYR",8.746
"Syrian Arab Republic",2019,"SYR",8.742
"Syrian Arab Republic",2020,"SYR",10.011
"Syrian Arab Republic",2021,"SYR",9.816
"Syrian Arab Republic",2022,"SYR",9.61
"Chad",2015,"TCD",1.072
"Chad",2016,"TCD",1.118
"Chad",2017,"TCD",1.127
"Chad",2018,"TCD",1.13
"Chad",2019,"TCD",1.12
"Chad",2020,"TCD",1.645
"Chad",2021,"TCD",1.538
"Chad",2022,"TCD",1.412
"Togo",2015,"TGO",2.2
"Togo",2016,"TGO",2.965
"Togo",2017,"TGO",3.74
"Togo",2018,"TGO",3.723
"Togo",2019,"TGO",3.707
"Togo",2020,"TGO",4.028
"Togo",2021,"TGO",4.175
"Togo",2022,"TGO",4.066
"Thailand",2015,"THA",0.6
"Thailand",2016,"THA",0.69
"Thailand",2017,"THA",0.83
"Thailand",2018,"THA",0.77
"Thailand",2019,"THA",0.72
"Thailand",2020,"THA",1.1
"Thailand",2021,"THA",0.992
"Thailand",2022,"THA",0.862
"Tajikistan",2015,"TJK",7.552
"Tajikistan",2016,"TJK",6.9
"Tajikistan",2017,"TJK",6.949
"Tajikistan",2018,"TJK",7.001
"Tajikistan",2019,"TJK",7.044
"Tajikistan",2020,"TJK",7.485
"Tajikistan",2021,"TJK",7.744
"Tajikistan",2022,"TJK",7.828
"Turkmenistan",2015,"TKM",4.114
"Turkmenistan",2016,"TKM",4.14
"Turkmenistan",2017,"TKM",4.171
"Turkmenistan",2018,"TKM",4.196
"Turkmenistan",2019,"TKM",4.226
"Turkmenistan",2020,"TKM",4.799
"Turkmenistan",2021,"TKM",4.787
"Turkmenistan",2022,"TKM",5.019
"Timor-Leste",2015,"TLS",4.451
"Timor-Leste",2016,"TLS",4.66
"Timor-Leste",2017,"TLS",4.749
"Timor-Leste",2018,"TLS",4.718
"Timor-Leste",2019,"TLS",4.452
"Timor-Leste",2020,"TLS",4.804
"Timor-Leste",2021,"TLS",4.975
"Timor-Leste",2022,"TLS",4.864
"Tonga",2015,"TON",1.941
"Tonga",2016,"TON",1.904
"Tonga",2017,"TON",2.074
"Tonga",2018,"TON",2.25
"Tonga",2019,"TON",2.244
"Tonga",2020,"TON",2.654
"Tonga",2021,"TON",2.669
"Tonga",2022,"TON",3.011
"Trinidad and Tobago",2015,"TTO",2.43
"Trinidad and Tobago",2016,"TTO",3.21
"Trinidad and Tobago",2017,"TTO",3.309
"Trinidad and Tobago",2018,"TTO",3.405
"Trinidad and Tobago",2019,"TTO",3.52
"Trinidad and Tobago",2020,"TTO",4.21
"Trinidad and Tobago",2021,"TTO",4.45
"Trinidad and Tobago",2022,"TTO",3.982
"Tunisia",2015,"TUN",15.16
"Tunisia",2016,"TUN",15.56
"Tunisia",2017,"TUN",15.33
"Tunisia",2018,"TUN",15.46
"Tunisia",2019,"TUN",15.13
"Tunisia",2020,"TUN",16.373
"Tunisia",2021,"TUN",16.264
"Tunisia",2022,"TUN",16.124
"Turkiye",2015,"TUR",10.24
"Turkiye",2016,"TUR",10.84
"Turkiye",2017,"TUR",10.82
"Turkiye",2018,"TUR",10.89
"Turkiye",2019,"TUR",13.67
"Turkiye",2020,"TUR",13.11
"Turkiye",2021,"TUR",11.98
"Turkiye",2022,"TUR",10.03
"Taiwan, China",2015,"TWN",3.78
"Taiwan, China",2016,"TWN",3.91
"Taiwan, China",2017,"TWN",3.76
"Taiwan, China",2018,"TWN",3.71
"Taiwan, China",2019,"TWN",3.73
"Taiwan, China",2020,"TWN",3.84
"Taiwan, China",2021,"TWN",4.038
"Taiwan, China",2022,"TWN",3.874
"Tanzania",2015,"TZA",2.144
"Tanzania",2016,"TZA",2.151
"Tanzania",2017,"TZA",2.168
"Tanzania",2018,"TZA",2.203
"Tanzania",2019,"TZA",2.214
"Tanzania",2020,"TZA",2.78
"Tanzania",2021,"TZA",2.74
"Tanzania",2022,"TZA",2.762
"Uganda",2015,"UGA",2.749
"Uganda",2016,"UGA",3.183
"Uganda",2017,"UGA",3.64
"Uganda",2018,"UGA",3.571
"Uganda",2019,"UGA",3.554
"Uganda",2020,"UGA",4.511
"Uganda",2021,"UGA",4.295
"Uganda",2022,"UGA",4.28
"Ukraine",2015,"UKR",9.14
"Ukraine",2016,"UKR",9.35
"Ukraine",2017,"UKR",9.5
"Ukraine",2018,"UKR",8.8
"Ukraine",2019,"UKR",8.19
"Ukraine",2020,"UKR",9.48
"Ukraine",2021,"UKR",9.83
"Uruguay",2015,"URY",7.49
"Uruguay",2016,"URY",7.84
"Uruguay",2017,"URY",7.89
"Uruguay",2018,"URY",8.34
"Uruguay",2019,"URY",8.73
"Uruguay",2020,"URY",10.33
"Uruguay",2021,"URY",9.29
"Uruguay",2022,"URY",7.841
"United States",2015,"USA",5.28
"United States",2016,"USA",4.87
"United States",2017,"USA",4.36
"United States",2018,"USA",3.9
"United States",2019,"USA",3.67
"United States",2020,"USA",8.05
"United States",2021,"USA",5.35
"United States",2022,"USA",3.611
"Uzbekistan",2015,"UZB",5.15
"Uzbekistan",2016,"UZB",5.16
"Uzbekistan",2017,"UZB",5.83
"Uzbekistan",2018,"UZB",5.856
"Uzbekistan",2019,"UZB",5.861
"Uzbekistan",2020,"UZB",5.29
"Uzbekistan",2021,"UZB",6.017
"Uzbekistan",2022,"UZB",6.012
"St. Vincent and the Grenadines",2015,"VCT",18.969
"St. Vincent and the Grenadines",2016,"VCT",18.978
"St. Vincent and the Grenadines",2017,"VCT",19.028
"St. Vincent and the Grenadines",2018,"VCT",19.02
"St. Vincent and the Grenadines",2019,"VCT",19.09
"St. Vincent and the Grenadines",2020,"VCT",20.55
"St. Vincent and the Grenadines",2021,"VCT",20.398
"St. Vincent and the Grenadines",2022,"VCT",18.975
"Venezuela, RB",2015,"VEN",6.077
"Venezuela, RB",2016,"VEN",5.32
"Venezuela, RB",2017,"VEN",5.05
"Venezuela, RB",2018,"VEN",5.02
"Venezuela, RB",2019,"VEN",5.092
"Venezuela, RB",2020,"VEN",7.53
"Venezuela, RB",2021,"VEN",6.471
"Venezuela, RB",2022,"VEN",5.328
"Virgin Islands (U.S.)",2015,"VIR",12.258
"Virgin Islands (U.S.)",2016,"VIR",12.354
"Virgin Islands (U.S.)",2017,"VIR",12.053
"Virgin Islands (U.S.)",2018,"VIR",12.245
"Virgin Islands (U.S.)",2019,"VIR",12.35
"Virgin Islands (U.S.)",2020,"VIR",13.255
"Virgin Islands (U.S.)",2021,"VIR",13.173
"Virgin Islands (U.S.)",2022,"VIR",12.382
"Vietnam",2015,"VNM",1.85
"Vietnam",2016,"VNM",1.85
"Vietnam",2017,"VNM",1.87
"Vietnam",2018,"VNM",1.16
"Vietnam",2019,"VNM",1.68
"Vietnam",2020,"VNM",2.1
"Vietnam",2021,"VNM",2.38
"Vietnam",2022,"VNM",1.923
"Vanuatu",2015,"VUT",1.855
"Vanuatu",2016,"VUT",1.749
"Vanuatu",2017,"VUT",1.71
"Vanuatu",2018,"VUT",1.784
"Vanuatu",2019,"VUT",1.757
"Vanuatu",2020,"VUT",2.017
"Vanuatu",2021,"VUT",2.118
"Vanuatu",2022,"VUT",2.089
"Samoa",2015,"WSM",8.763
"Samoa",2016,"WSM",8.819
"Samoa",2017,"WSM",9.4
"Samoa",2018,"WSM",9.472
"Samoa",2019,"WSM",9.147
"Samoa",2020,"WSM",9.793
"Samoa",2021,"WSM",9.91
"Samoa",2022,"WSM",10.313
"Yemen, Rep.",2015,"YEM",13.783
"Yemen, Rep.",2016,"YEM",13.407
"Yemen, Rep.",2017,"YEM",13.25
"Yemen, Rep.",2018,"YEM",13.076
"Yemen, Rep.",2019,"YEM",12.978
"Yemen, Rep.",2020,"YEM",13.575
"Yemen, Rep.",2021,"YEM",13.887
"Yemen, Rep.",2022,"YEM",13.59
"South Africa",2015,"ZAF",22.87
"South Africa",2016,"ZAF",24.02
"South Africa",2017,"ZAF",23.99
"South Africa",2018,"ZAF",24.22
"South Africa",2019,"ZAF",25.54
"South Africa",2020,"ZAF",24.34
"South Africa",2021,"ZAF",28.77
"South Africa",2022,"ZAF",29.806
"Zambia",2015,"ZMB",8.28
"Zambia",2016,"ZMB",8.393
"Zambia",2017,"ZMB",8.52
"Zambia",2018,"ZMB",5.03
"Zambia",2019,"ZMB",5.54
"Zambia",2020,"ZMB",6.03
"Zambia",2021,"ZMB",6.22
"Zambia",2022,"ZMB",6.131
"Zimbabwe",2015,"ZWE",5.282
"Zimbabwe",2016,"ZWE",5.796
"Zimbabwe",2017,"ZWE",6.279
"Zimbabwe",2018,"ZWE",6.784
"Zimbabwe",2019,"ZWE",7.37
"Zimbabwe",2020,"ZWE",7.898
"Zimbabwe",2021,"ZWE",8.067
"Zimbabwe",2022,"ZWE",7.945
